{"cameraMode":{"drawMode":0,"name":"Shaded","section":"Shading Mode"},"sceneLighting":false,"audioPlay":false,"sceneViewState":{"showFog":true,"showMaterialUpdate":false,"showSkybox":false,"showFlares":true,"showImageEffects":true,"showParticleSystems":true},"in2DMode":false,"pivot":{"x":-1.1839449405670167,"y":-0.19966888427734376,"z":-0.9689239263534546},"rotation":{"x":-0.20872682332992555,"y":0.5847450494766235,"z":-0.15900705754756928,"w":-0.7676153182983398},"size":2.8972580432891847,"orthographic":false}