{"cameraMode":{"drawMode":0,"name":"Shaded","section":"Shading Mode"},"sceneLighting":true,"audioPlay":false,"sceneViewState":{"showFog":true,"showMaterialUpdate":false,"showSkybox":false,"showFlares":true,"showImageEffects":true,"showParticleSystems":true},"in2DMode":false,"pivot":{"x":-0.7206539511680603,"y":2.999145746231079,"z":-2.7600533962249758},"rotation":{"x":0.05785178765654564,"y":0.9417820572853088,"z":-0.22032397985458375,"w":0.24731142818927766},"size":16.68155860900879,"orthographic":false}