{"cameraMode":{"drawMode":0,"name":"Shaded","section":"Shading Mode"},"sceneLighting":false,"audioPlay":false,"sceneViewState":{"showFog":true,"showMaterialUpdate":false,"showSkybox":false,"showFlares":true,"showImageEffects":true,"showParticleSystems":true},"in2DMode":false,"pivot":{"x":-2.384185791015625e-7,"y":-0.914699137210846,"z":3.5762786865234377e-7},"rotation":{"x":-0.21354421973228455,"y":0.43314793705940249,"z":-0.10641176253557205,"w":-0.8691842555999756},"size":5.558001518249512,"orthographic":false}