{"cameraMode":{"drawMode":0,"name":"Shaded","section":"Shading Mode"},"sceneLighting":false,"audioPlay":false,"sceneViewState":{"showFog":true,"showMaterialUpdate":false,"showSkybox":false,"showFlares":true,"showImageEffects":true,"showParticleSystems":true},"in2DMode":false,"pivot":{"x":-0.7311592102050781,"y":0.2629127502441406,"z":0.14265060424804688},"rotation":{"x":-0.21354421973228455,"y":0.43314793705940249,"z":-0.10641176253557205,"w":-0.8691842555999756},"size":98.32735443115235,"orthographic":false}