{"cameraMode":{"drawMode":0,"name":"Shaded","section":"Shading Mode"},"sceneLighting":false,"audioPlay":false,"sceneViewState":{"showFog":true,"showMaterialUpdate":false,"showSkybox":false,"showFlares":true,"showImageEffects":true,"showParticleSystems":true},"in2DMode":false,"pivot":{"x":0.000003814697265625,"y":-0.050106048583984378,"z":0.0784912109375},"rotation":{"x":-0.021170154213905336,"y":-0.9685661196708679,"z":0.0885818600654602,"w":-0.2314840406179428},"size":361.4714050292969,"orthographic":false}