{"cameraMode":{"drawMode":0,"name":"Shaded","section":"Shading Mode"},"sceneLighting":false,"audioPlay":false,"sceneViewState":{"showFog":true,"showMaterialUpdate":false,"showSkybox":false,"showFlares":true,"showImageEffects":true,"showParticleSystems":true},"in2DMode":false,"pivot":{"x":-1.281000018119812,"y":0.9027353525161743,"z":-0.0226781964302063},"rotation":{"x":-0.030089033767580987,"y":-0.9699430465698242,"z":0.1719914972782135,"w":-0.16959550976753236},"size":4.832420825958252,"orthographic":false}