{"cameraMode":{"drawMode":0,"name":"Shaded","section":"Shading Mode"},"sceneLighting":false,"audioPlay":false,"sceneViewState":{"showFog":true,"showMaterialUpdate":false,"showSkybox":true,"showFlares":true,"showImageEffects":true,"showParticleSystems":true},"in2DMode":false,"pivot":{"x":2.888011932373047,"y":-12.935997009277344,"z":-61.4622802734375},"rotation":{"x":0.015066530555486679,"y":0.9780294299125671,"z":0.19346894323825837,"w":-0.07616668194532395},"size":83.97162628173828,"orthographic":false}